id,word_1,w1_value,word_2,w2_value,word_3,w3_value
1,just,0.365523008872,engineers,0.343680870424,combat,0.343680870424
2,shop,0.448569244561,roshen,0.448569244561,shopping,0.379607345539
3,lesi,0.4595239073,lkafa,0.4595239073,restaurant,0.397470111396
4,bus,0.532046757193,central,0.401952578227,metro,0.328920542541
5,eod,0.602797475745,disposed,0.477106604168,by,0.324660506123
6,cleared,0.443140797049,with,0.439869442873,abandoned,0.39787250139
7,franko,0.599258631175,store,0.5022331738,street,0.300361543799
8,800,0.462924889006,landmines,0.401305303517,several,0.367732068105
9,damaging,0.540904418159,substation,0.52109235847,power,0.436256163692
10,pump,0.46912327017,electric,0.362373440411,discovered,0.334428365573
11,substation,0.639347328447,power,0.535258689254,attack,0.430527363831
12,lukyanovska,0.636567823504,metro,0.340394273712,station,0.270504807168
13,500,0.558846466188,plastic,0.360121359857,gr,0.343648943576
14,600,0.699145979162,gr,0.467341816739,detonators,0.427259973789
15,wired,0.383567291179,command,0.360646901286,800,0.344384625855
16,electrical,0.629237765561,towers,0.329475582364,four,0.329475582364
17,any,0.311335631246,without,0.311335631246,but,0.311335631246
18,electrical,0.647674151351,crimea,0.339129069928,towers,0.339129069928
19,ammunition,0.610814755148,detonators,0.431208238653,explosives,0.359456273998
20,plastic,0.567251910307,kg,0.464655431598,found,0.383303444168
21,kreshatyk,0.522311218121,teatralna,0.491100066805,stations,0.367211699561
22,threat,0.450869795714,restaurants,0.450869795714,mcdonalds,0.42392768739
23,ammunition,0.47483294998,along,0.39810431264,weapons,0.343169917749
24,central,0.474720053737,metro,0.388466665195,station,0.308707015585
25,van,0.453426998093,400,0.379607030284,of,0.346430939743
26,polling,0.477720531556,suitcase,0.449173934662,front,0.345937102746
27,streets,0.523779485652,atlantic,0.523779485652,lviv,0.427075507495
28,central,0.480956570504,railway,0.358399628015,station,0.312762577307
29,detonated,0.666610440569,an,0.537828781709,was,0.374280689201
30,plastic,0.500948202427,detonators,0.43703530433,seized,0.406412836893
31,civilian,0.463018390019,on,0.443881834238,affected,0.403574818349
32,ammunition,0.457512665105,grenades,0.408296044926,along,0.383582826494
33,rockets,0.617193686041,cache,0.452237474065,with,0.354141785071
34,artillery,0.571747260645,rounds,0.318399155392,protected,0.29937294291
35,improvised,0.436858818569,killed,0.397616954287,grenade,0.356853842878
36,caches,0.642471292899,two,0.419831587194,discovered,0.411217934454
37,container,0.589127526364,garbage,0.562562611863,inside,0.370544436055
38,ammo,0.469962022952,for,0.422895395924,search,0.318856173417
39,hidden,0.5107746428,roof,0.5107746428,house,0.399297298939
40,club,0.558097841411,night,0.537656026969,used,0.474157951573
41,ammunition,0.476831545014,detonation,0.325780764421,tons,0.318413742002
42,militant,0.52076615628,dnr,0.450442248726,100,0.450442248726
43,rockets,0.634681371425,grenades,0.490314366403,explosives,0.323324872541
44,monastery,0.725961460284,pokrovsky,0.341290507723,university,0.325901050005
45,several,0.523690945846,detonators,0.38812588982,kg,0.364421478289
46,detonators,0.552115203027,tnt,0.429040330329,found,0.427634526109
47,400,0.50556994051,grenades,0.466523193477,gr,0.403665051823
48,than,0.51084561212,20,0.416529579764,more,0.389676802025
49,injuries,0.503873903918,caused,0.452401520854,soldier,0.422292106938
50,landmines,0.583033453113,weapons,0.40535772985,kg,0.371773970232
51,apartment,0.67300459735,inside,0.423300724932,detonation,0.366168542267
52,khmelnytsky,0.603083611228,boulevard,0.521643610545,call,0.233441717701
53,ammunition,0.518592825662,discovered,0.443303993975,search,0.406454330263
54,cord,0.366641913928,detonating,0.356703355249,20,0.356703355249
55,black,0.502908933925,powder,0.448270137984,vehicle,0.400490198293
56,along,0.471780587082,weapons,0.406679606637,kg,0.372986329945
57,parking,0.624383910135,area,0.556547403854,detonated,0.326424441695
58,caf_,0.702696574847,blown,0.361567314543,up,0.347483579339
59,munitions,0.610099879202,search,0.398774317117,detonators,0.359186048852
60,discovered,0.526670337935,weapons,0.445278865214,detonators,0.434951917853
61,explosives,0.732583513345,found,0.680677159874,åking,0.0
62,explosives,0.437734895371,gunpowder,0.331138887451,fact,0.331138887451
63,with,0.45471884941,11,0.430726446559,electric,0.317711161061
64,own,0.404617255275,emplacer,0.404617255275,school,0.363284266612
65,poland,0.413461080347,consulate,0.388754361643,emplaced,0.371224665751
66,uzlovy,0.527635774591,kupiansk,0.496106449873,railroad,0.319691615088
67,along,0.389478570771,plastic,0.375907824095,some,0.372808044053
68,enlistment,0.484794844049,200,0.401313630537,equivalent,0.357592931685
69,dealers,0.614564806403,arms,0.577840963414,detained,0.311156820684
70,weapons,0.553610204648,explosives,0.450787923769,found,0.418847869311
71,city,0.507703805363,center,0.500046445467,call,0.271386428127
72,emplace,0.453628748677,point,0.318924384529,check,0.310556725433
73,soldier,0.492691616583,killed,0.448434440743,one,0.392825170216
74,possession,0.445289284871,dealer,0.445289284871,arms,0.418680644721
75,detonators,0.524401886418,seized,0.487657761786,explosives,0.43714273354
76,detonators,0.524401886418,seized,0.487657761786,explosives,0.43714273354
77,hours,0.379352948156,southern,0.379352948156,vzryvpaket,0.379352948156
78,confirmed,0.542839039032,not,0.483862016589,central,0.377269604789
79,claimed,0.367225701665,security,0.350666775234,sbu,0.32732827924
80,central,0.480956570504,railway,0.358399628015,station,0.312762577307
81,withy,0.472738298465,protecting,0.472738298465,missiles,0.444489419149
82,compartment,0.349788687158,competition,0.349788687158,combat,0.328886766493
83,corpses,0.495609327978,soldiers,0.444981198635,ukrainian,0.378054452065
84,blow,0.410086196447,were,0.361682034177,trying,0.320584259383
85,complete,0.434259431232,explosives,0.407022431495,other,0.387079095294
86,ordnance,0.367118129104,cord,0.307678343785,detonating,0.29933811001
87,ammunition,0.492498217799,discovered,0.420997777394,cache,0.416872186919
88,large,0.615566800354,discovered,0.393997538813,cache,0.390136538635
89,triggering,0.513760117538,wounded,0.513760117538,women,0.461277825108
90,bags,0.285136204965,white,0.285136204965,foundation,0.285136204965
91,area,0.585359078214,residential,0.585359078214,detonated,0.343322974781
92,as,0.346257105657,phone,0.29045208711,mobile,0.260781447346
93,weapons,0.553610204648,explosives,0.450787923769,found,0.418847869311
94,headquarters,0.401619056005,unit,0.401619056005,guard,0.347384691837
95,cache,0.619570544522,explosives,0.430753736934,found,0.400233181501
96,discovered,0.48025518892,cache,0.475548902237,weapons,0.406036699112
97,ssu,0.481883275645,services,0.460154214544,emergency,0.460154214544
98,lysychansk,0.528416618213,artemivsk,0.528416618213,discovered,0.338216497257
99,grenade,0.488809003914,homemade,0.482794415061,street,0.357872937675
100,investigation,0.565353769894,another,0.490270580769,discovered,0.384855744206
101,persons,0.612604457675,affecting,0.550024889519,two,0.400314698308
102,discovered,0.457476954166,cache,0.452993884026,inside,0.422690533622
103,business,0.51050295514,thrown,0.422594829219,grenade,0.371704646061
104,causing,0.424688194739,dead,0.424688194739,result,0.405538171904
105,guard,0.350422124214,tbc,0.350422124214,possible,0.350422124214
106,arsenalnaya,0.557426164863,near,0.351437227279,metro,0.331988257744
107,33,0.495274048206,abandoned,0.444680168799,factory,0.444680168799
108,cache,0.511690544406,weapons,0.436895424719,with,0.400698777063
109,sell,0.446348020985,20,0.405347598654,trying,0.336151329226
110,600,0.438326495834,ammo,0.438326495834,cache,0.321175786102
111,gr,0.428885220222,18x200,0.370892405751,wit,0.370892405751
112,suspect,0.47719446248,weapons,0.41134642163,detained,0.384864470194
113,victory,0.505276084673,sberbank,0.46481963893,avenue,0.450380108439
114,stavropol,0.519906244161,moscow,0.519906244161,pipeline,0.413685965043
115,laboratory,0.413928472983,complete,0.413928472983,components,0.342650381527
116,tatp,0.407709240009,dismantled,0.407709240009,manufacturing,0.407709240009
117,suspects,0.436514383038,ieds,0.421304750064,detention,0.417830621642
118,home,0.467593858631,munitions,0.446509135341,flash,0.446509135341
119,munitions,0.514798640109,plastic,0.34740191902,search,0.336483390934
120,youth,0.476255086787,volunteers,0.447796058792,devices,0.411941923784
121,mezhevaya,0.416166349767,possesion,0.373653582967,flash,0.373653582967
122,independence,0.560144228022,square,0.427282149968,metro,0.299528000995
123,4x400,0.291010143616,failed,0.277887926035,second,0.277887926035
124,schemes,0.541661513743,components,0.448387913508,suspects,0.361648404925
125,novoznerenska,0.446004461119,kindergarten,0.446004461119,roof,0.385776322032
126,backpack,0.460279036827,guy,0.375298973379,vokzalnaya,0.375298973379
127,urdenbelly,0.437114840915,krasnov,0.437114840915,100,0.378087150094
128,laying,0.490479654286,while,0.409036428375,suspects,0.342939903749
129,seize,0.529820908542,arsenal,0.529820908542,some,0.318368443617
130,driver,0.449098266411,the,0.415705144989,died,0.413133837142
131,kiosk,0.524890418057,roof,0.482863491862,grenade,0.382180367617
132,modified,0.533865262578,bag,0.415526017047,grenade,0.365487082228
133,equipment,0.506473486855,and,0.424633027917,fuzes,0.403328820582
134,novomoskov,0.545074054803,station,0.463250408339,cache,0.345459347252
135,bikini,0.60930536543,bar,0.60930536543,detonated,0.29950674609
136,radioactive,0.332748508193,uranium,0.332748508193,238,0.332748508193
137,shooting,0.410348522731,detentions,0.391845103804,cord,0.365765999563
138,sumy,0.666295001979,street,0.333961640282,call,0.257909594726
139,defences,0.327735810187,kanatnaya,0.327735810187,ngo,0.327735810187
140,site,0.355148683101,same,0.355148683101,shipilova,0.355148683101
141,rymarska,0.599415591491,street,0.35848168108,call,0.276845762903
142,prosecutors,0.488967994645,general,0.459749296023,ukraine,0.459749296023
143,black,0.388367055208,500,0.388367055208,possesion,0.370854823721
144,batallion,0.40460559238,members,0.40460559238,donbass,0.40460559238
145,forest,0.443894061671,soldier,0.372023550144,ukrainian,0.338605665363
146,dorohozhychi,0.636567823504,metro,0.340394273712,station,0.270504807168
147,each,0.408908677326,groups,0.408908677326,criminal,0.367137305731
148,philharmonic,0.42217763011,hall,0.42217763011,caller,0.396950046558
149,done,0.334688169634,patrols,0.334688169634,rocket,0.314688593244
150,pressure,0.509363553567,plate,0.509363553567,gas,0.363287980737
151,bussinesmen,0.280211926998,are,0.280211926998,instead,0.280211926998
152,00,0.343466699238,am,0.343466699238,richelieu,0.343466699238
153,pavlova,0.591294048361,akademika,0.530891408882,car,0.332444443114
154,as,0.393898819254,booster,0.330415556225,62m,0.296662516133
155,plus,0.32403147028,15,0.32403147028,his,0.316210847527
156,khrarkov,0.390556507199,migration,0.390556507199,sites,0.367218470756
157,of,0.376881483105,50,0.341357987191,explosives,0.335056157788
158,governmental,0.596824445671,facilities,0.535856857846,call,0.23101891872
159,pasazhyrskiy,0.392100618642,lay,0.368670312505,station,0.333240538777
160,involved,0.39834353327,manufacturer,0.39834353327,odessa,0.316959318782
161,police,0.39932560799,attack,0.326110114804,secondary,0.279945830169
162,entrance,0.430301800124,plugova,0.430301800124,blew,0.350856352144
163,attacked,0.298098946483,head,0.298098946483,secretary,0.298098946483
164,1200,0.377330031963,blocks,0.273240209314,police,0.269119108392
165,all,0.414553284194,sites,0.414553284194,around,0.414553284194
166,batteries,0.295235140318,pieces,0.295235140318,mechanical,0.295235140318
167,lie,0.261610727327,bakery,0.261610727327,threated,0.261610727327
168,stop,0.461351291586,bus,0.424411816193,cilinder,0.245335901355
169,kalmius,0.528298327969,affected,0.366396072078,river,0.357225658389
170,svyatoshinsky,0.407378739013,water,0.365763655668,ammunition,0.305029287222
171,zhytomyr,0.365072189258,chernivtsi,0.365072189258,servicemen,0.34325698992
172,grenadesä,0.37584494259,10,0.325091097167,plus,0.30645371572
173,st,0.492187891131,cosmonauts,0.293636359869,petrov,0.293636359869
174,varvarovskogo,0.342698450215,ingul,0.342698450215,to,0.326267295332
175,ieds,0.476261439689,protected,0.369537956118,found,0.321819366035
176,political,0.620035380586,party,0.505559939024,office,0.341831874282
177,rymarska,0.599415591491,street,0.35848168108,call,0.276845762903
178,650,0.412073943,angelov,0.412073943,caf_,0.369979229064
179,darnitsky,0.521151078349,about,0.397537887699,district,0.366396061522
180,grams,0.455152071333,400,0.329594351645,of,0.300789163175
181,locomotive,0.637468704874,railroad,0.410785628531,damaged,0.40739824202
182,oleksiivska,0.355536829908,university,0.319217568759,night,0.307525378209
183,identified,0.462999585191,caller,0.435332650974,pipeline,0.36840571231
184,rymarska,0.599415591491,street,0.35848168108,call,0.276845762903
185,for,0.345257676589,components,0.345257676589,group,0.326450806156
186,private,0.355082853989,kilos,0.355082853989,hundred,0.33386457588
187,portion,0.717538650254,railway,0.371610290248,blown,0.352556053895
188,peoples,0.321442551711,biskvitny,0.321442551711,kivalov,0.321442551711
189,suspects,0.421096071329,detention,0.403072247081,some,0.403072247081
190,open,0.416548401164,voied,0.391657196977,abandoned,0.373996606552
191,cahrge,0.371797906431,vog,0.371797906431,25,0.34958080614
192,police,0.40833644268,car,0.321892270676,chuprinky,0.286262844524
193,parents,0.352341539716,25,0.331287071174,detentions,0.316348688011
194,central,0.480956570504,railway,0.358399628015,station,0.312762577307
195,court,0.536448853317,district,0.462550650945,call,0.254667241409
196,street,0.383238163795,akhmatova,0.382303897071,kurenivka,0.382303897071
197,popasna,0.518324496311,troyitske,0.518324496311,between,0.342433191272
198,evidence,0.322046036858,hoax,0.30280190187,62m,0.289147970805
199,it,0.402847789242,tripwire,0.294218935826,landmine,0.294218935826
200,sdovoba,0.543195107657,local,0.51073602175,party,0.442906476152
201,liberty,0.563574969575,suspicious,0.466527892976,square,0.45722076057
202,detntion,0.541249935301,durig,0.541249935301,suspects,0.339779420933
203,svobody,0.427680659803,universytet,0.408395700854,derzhprom,0.408395700854
204,governor,0.510051380296,residence,0.479572826023,used,0.389070956129
205,soldier,0.493358071288,killed,0.449041029596,due,0.433223592769
206,shells,0.404676779534,artillery,0.363337710271,used,0.308690433197
207,crossing,0.443829818461,krasnova,0.443829818461,admiralsky,0.417308389968
208,attack,0.564372639504,bridge,0.503698701724,railway,0.471833478197
209,st,0.481514098235,velika,0.287268438698,equ,0.287268438698
210,370,0.467392019709,while,0.349964887639,transporting,0.343971335569
211,skotovataya,0.500357021014,yasinovataya,0.500357021014,stations,0.351776767757
212,12,0.47080585672,of,0.359708875003,suspects,0.34169978508
213,quantities,0.356900334783,rockets,0.32832403864,control,0.302031381669
214,universytet,0.49958359597,derzhprom,0.49958359597,metro,0.297538755943
215,pipeline,0.5166792001,urengoy_pomary_uzhgorod,0.305271224586,ukrtransgaz,0.305271224586
216,boat,0.522608586591,leaving,0.277911108054,wbied,0.277911108054
217,khrestchatyk,0.427647549426,rada,0.427647549426,council,0.348692148515
218,fridge,0.33037526498,sides,0.33037526498,total,0.33037526498
219,kupyansk,0.304148920915,svyatogorsk,0.304148920915,62,0.285974243321
220,mon,0.326238611317,with,0.323830252505,mines,0.306743945475
221,spm,0.29190836567,62,0.274465132871,depot,0.274465132871
222,svobody,0.427680659803,universytet,0.408395700854,derzhprom,0.408395700854
223,lenins,0.575447092504,avenue,0.482276941186,suspicious,0.447890610479
224,command,0.54892364276,residential,0.489285555462,area,0.489285555462
225,240,0.364273969675,elements,0.364273969675,criminal,0.327062180849
226,civilians,0.589531492421,died,0.469086315282,two,0.385237355972
227,the,0.432907254343,fiherman,0.27034882185,jun,0.27034882185
228,schevchenko,0.571136100577,boulevard,0.494010270003,suspicious,0.444535214594
229,projectile,0.319030125911,forces,0.299966209249,mm,0.299966209249
230,trolleybus,0.681817006861,against,0.263917855297,call,0.263917855297
231,obolon,0.446003725468,minskaya,0.446003725468,roshen,0.419352393312
232,dniprovskyi,0.528495880261,area,0.442927559947,residential,0.442927559947
233,soldiers,0.49954867291,improvised,0.466301397934,affected,0.385875488952
234,vovcha,0.426552518243,lay,0.401063509527,detainees,0.347799289953
235,person,0.527502011098,killed,0.402382426058,due,0.388208535066
236,parked,0.397895029585,suspicious,0.34493152001,state,0.326142415974
237,mozgovoy,0.285807564952,ghost,0.285807564952,alexey,0.285807564952
238,ilyicha,0.494221595115,club,0.443735227266,night,0.427482247047
239,¾two,0.351541208465,men,0.351541208465,with,0.34894606081
240,arts,0.504492072128,palace,0.45295654114,national,0.422810188057
241,cord,0.409510774192,detonating,0.398410169748,of,0.322908811973
242,selling,0.449078203034,17,0.449078203034,accused,0.403203381749
243,shipilovo,0.452095532078,sentanovka,0.452095532078,stations,0.338046723915
244,house,0.431045975607,window,0.318735318759,ilyenko,0.318735318759
245,emplaced,0.464187033728,woman,0.447184951825,injured,0.421547963925
246,barabashova,0.529096824678,akademika,0.50523881214,metro,0.300906852889
247,nyh,0.522686905663,peresado,0.522686905663,metro,0.297261416992
248,thermal,0.522376628705,power,0.402315102305,close,0.380350040933
249,alekseevskaya,0.318569327456,communications,0.318569327456,box,0.318569327456
250,seat,0.395637034507,driver,0.363959168276,died,0.334812799333
251,suburb,0.437331173791,the,0.350147332599,city,0.316689506119
252,almost,0.655025168489,detention,0.393603461207,during,0.338665903524
253,maloskova,0.554377476728,affected,0.384483007362,bridge,0.288184572827
254,platform,0.497121554497,solontsevaty,0.497121554497,lane,0.446338946222
255,artyom,0.548676758253,died,0.436578473107,man,0.341270284908
256,zhulyany,0.475959723237,international,0.475959723237,airport,0.411686445927
257,kulikovo,0.37748328003,field,0.37748328003,unionsê,0.37748328003
258,fuel,0.420117992299,blow,0.404730055982,civilian,0.372318696242
259,19,0.531756798909,blocks,0.385066988393,check,0.364043616454
260,control,0.456258244363,vehicle,0.429346722306,400,0.415229507639
261,court,0.460484467545,kiev,0.460484467545,district,0.39705069532
262,atgm,0.497992089051,composed,0.468234147988,grenade,0.340928111188
263,ceremony,0.302129888797,detection,0.302129888797,complex,0.302129888797
264,dormitory,0.407905146612,sergeant,0.407905146612,drunk,0.383530427457
265,fuze,0.340639027678,van,0.328162219351,block,0.30934877133
266,nuclear,0.535348845549,plant,0.425973540986,power,0.387668137236
267,fortification,0.406803890883,blow,0.351869370138,guy,0.33169679781
268,supplying,0.510285333492,shirokolanovsky,0.510285333492,gas,0.363945412085
269,vokzalnaya,0.558338737185,metro,0.366166949596,station,0.290985858874
270,guys,0.381065002725,and,0.368417777555,were,0.356525858969
271,18,0.415484251854,rockets,0.359377541068,found,0.340210982704
272,roof,0.550252895826,restaurant,0.550252895826,blown,0.293893166454
273,170,0.480105491376,1168,0.480105491376,km,0.359484238625
274,poltova,0.444531942179,bridges,0.384502651048,kharkiv,0.353711130725
275,seized,0.424234780696,operation,0.361656076663,another,0.351852669025
276,akardzha,0.419071582926,kseniyevo,0.419071582926,movement,0.394029603867
277,levada,0.599953970993,train,0.400897330751,station,0.254946020268
278,åking,0.434662314528,cross,0.434662314528,leopolis,0.434662314528
279,searched,0.371756533467,ammo,0.321554784031,improvised,0.311565748027
280,school,0.641769905036,call,0.27668021293,against,0.27668021293
281,ploshchad,0.72305769317,kontraktovaya,0.361528846585,pochtovaya,0.361528846585
282,electromechanical,0.435988206886,plan,0.435988206886,culture,0.409935360566
283,locomotives,0.38826266368,shunting,0.38826266368,shipylove,0.38826266368
284,club,0.557854387511,plant,0.494384011297,against,0.240502506442
285,women,0.459988667809,transporting,0.377038676749,blocks,0.370995105278
286,food,0.676882442388,store,0.56728897949,detonation,0.346271612082
287,arkhangelkaya,0.626953375509,flat,0.562908018016,street,0.314242755901
288,trains,0.461878862939,volnovakha,0.434278898434,freight,0.434278898434
289,admiralskaya,0.322197413236,dec,0.322197413236,suspets,0.322197413236
290,owner,0.408531717762,officer,0.408531717762,security,0.366798853831
291,shopping,0.525473116023,center,0.471007595976,call,0.255626392811
292,cultural,0.489266886162,engineers,0.460030327023,power,0.354298293433
293,street,0.389373851567,danilevskoge,0.388424627124,prosvity,0.388424627124
294,railways,0.428996706342,arrested,0.417367896932,attacks,0.370668855577
295,darnitsa,0.595406268616,metro,0.354608201458,station,0.281800343201
296,due,0.548995714915,car,0.419414620195,to,0.355107137571
297,49,0.374178062625,kg,0.371415805176,severodonetsk,0.351818734075
298,arsenalyana,0.522311218121,nezalezhnosty,0.491100066805,stations,0.367211699561
299,khreschatik,0.636567823504,metro,0.340394273712,station,0.270504807168
300,preparing,0.469097523341,while,0.373564570975,attacks,0.361281511697
301,tolstogo,0.479360668981,lva,0.479360668981,ploshcha,0.45071606428
302,inert,0.317021584925,sidorov,0.317021584925,training,0.317021584925
303,teatralnaya,0.595406268616,metro,0.354608201458,station,0.281800343201
304,vokzalnaya,0.538436733446,train,0.441259158564,station,0.280613657796
305,barabashova,0.529096824678,akademika,0.50523881214,metro,0.300906852889
306,nyh,0.522686905663,peresado,0.522686905663,metro,0.297261416992
307,thermal,0.522376628705,power,0.402315102305,close,0.380350040933
308,cars,0.476292172427,one,0.33849171019,editor,0.253281114764
309,obolonsky,0.408749114385,centres,0.408749114385,arsenalnaya,0.366994042671
310,vesty,0.472149704117,editorial,0.472149704117,radio,0.472149704117
311,donbasskaya,0.451695493739,yelenovka,0.451695493739,yuzhno,0.451695493739
312,naftogaz,0.399956246823,companies,0.399956246823,jsc,0.399956246823
313,40,0.598694416714,suspects,0.375841231489,detention,0.359754412441
314,underground,0.448370701398,tolstoy,0.428152787934,lev,0.428152787934
315,passat,0.3902165084,vw,0.3902165084,parked,0.350354603582
316,car,0.417858152868,burn,0.371606510453,kurchatova,0.371606510453
317,rocket,0.372224995004,launchers,0.372224995004,sbu,0.331784421822
318,car,0.392018716554,its,0.327794661271,trunk,0.313013757713
319,searches,0.392382633371,instructions,0.392382633371,detentions,0.352299451734
320,kharkiv,0.386302288092,components,0.377874934459,attacks,0.351564296899
321,pole,0.505614518089,pravdy,0.281570628483,has,0.281570628483
322,zmiev,0.521089951356,zhikhor,0.521089951356,between,0.344260200421
323,targeting,0.427548560711,underground,0.402000032631,schools,0.38387306348
324,south,0.631654923417,station,0.285475965735,call,0.260040019238
325,shterivka,0.455944266068,shchotove,0.455944266068,55,0.455944266068
326,packages,0.352637432218,ammo,0.305017513211,carrying,0.287530944704
327,robbed,0.523992784029,atm,0.523992784029,privatbankê,0.523992784029
328,by,0.490458278545,caused,0.315085634205,vehicles,0.315085634205
329,pobeda,0.324831886939,disosed,0.324831886939,ukrainka,0.324831886939
330,borshchagovskaya,0.461967261752,russiaê,0.434362014901,offices,0.399583516924
331,components,0.506175905787,electronics,0.325165840125,timers,0.325165840125
332,road,0.421019401758,viaduct,0.344495780381,dnipropetrovsk,0.344495780381
333,samarovka,0.354301457742,fuse,0.354301457742,novomoskovsk,0.33312987263
334,osnova,0.499789552347,at,0.440763570892,under,0.406235585172
335,fuel,0.586610726079,tank,0.508527411392,detonated,0.321158496678
336,street,0.434363425156,staportofrankivska,0.433304524106,olhivska,0.433304524106
337,mezhevsky,0.36654215035,region,0.344639112235,pokrovsky,0.344639112235
338,april,0.339796658653,executors,0.339796658653,planners,0.339796658653
339,truck,0.539107138988,radar,0.311636789608,defense,0.311636789608
340,discovered,0.521208053832,sbu,0.341235259303,operation,0.341235259303
341,prosyana,0.419478267457,infrastructure,0.419478267457,demarino,0.419478267457
342,geranevaya,0.569378611396,residential,0.477191002713,house,0.385003394031
343,attack,0.298550113722,that,0.2562872344,this,0.2562872344
344,railroad,0.554598801041,blown,0.42286859347,up,0.406397056755
345,see,0.279914487543,electricians,0.279914487543,previous,0.279914487543
346,next,0.296186193123,like,0.278487335104,repairing,0.278487335104
347,road,0.415592446347,connecting,0.340055217235,21st,0.340055217235
348,switches,0.333002952126,phones,0.333002952126,using,0.313104077343
349,¾close,0.289214218879,look,0.289214218879,to,0.275347440019
350,bridge,0.521383432975,railway,0.488399429685,blown,0.463356855751
351,railway,0.501625687209,blown,0.475904939813,up,0.457367536445
352,house,0.437012776236,of,0.427106702449,search,0.379279312907
353,airport,0.556676395712,lviv,0.524762294034,call,0.249119305579
354,detonators,0.558599557433,and,0.416531236353,cache,0.334881625199
355,control,0.519073073659,point,0.458637860971,check,0.446604521862
356,3kg,0.322267153784,march,0.303009805766,business,0.303009805766
357,ready,0.428138280829,dam,0.402554513521,be,0.38440254174
358,taxi,0.596902401693,plastic,0.384644652163,search,0.372555618661
359,extinguisher,0.311021394717,mil,0.311021394717,using,0.292436046602
360,taxi,0.330380538841,bottle,0.330380538841,litre,0.330380538841
361,bomb,0.683110348676,car,0.458263573484,blown,0.376550547822
362,samopomich,0.393372730827,admiralteisky,0.369866408544,bussines,0.369866408544
363,rodakovo,0.323752813939,51,0.323752813939,krasny,0.323752813939
364,lisichansk,0.504445622368,kharkov,0.464055670081,blew,0.437451488633
365,containing,0.535058079765,suitcase,0.535058079765,civilian,0.452799606374
366,bridge,0.521383432975,railway,0.488399429685,blown,0.463356855751
367,mariupol,0.352321443493,kq,0.352321443493,expl,0.352321443493
368,brigade,0.529301835313,partisan,0.264650917657,chief,0.264650917657
369,poznanskaya,0.585275116186,minibus,0.525487330503,blew,0.477217367453
370,gvardeytsev,0.357060172422,shironintsev,0.357060172422,culture,0.335723737968
371,located,0.350091867163,kherson,0.350091867163,courier,0.350091867163
372,containing,0.356545731441,package,0.327997827679,eod,0.327997827679
373,magnetically,0.334839450115,yangolenko,0.334839450115,andrey,0.314830833832
374,sector,0.468694495893,right,0.468694495893,koblevskaya,0.468694495893
375,36,0.312529159337,pf,0.312529159337,16,0.293853713465
376,cutting,0.325152488431,policemen,0.325152488431,escaped,0.305722724787
377,4th,0.571607541041,floor,0.513215943289,building,0.352353660412
378,in,0.398800684501,cafeteria,0.358554256553,zhukovskoho,0.358554256553
379,marshal,0.289421661195,bearings,0.289421661195,sports,0.289421661195
380,office,0.365270637019,yevgeny,0.331275014826,euromaidan,0.331275014826
381,power,0.600895721329,provided,0.414902335026,substation,0.358874205893
382,press,0.311559137932,away,0.311559137932,aleksandr,0.311559137932
383,attack,0.337735179997,16th,0.289925246258,previous,0.272600516447
384,homemade,0.43235968238,ieds,0.387417105341,barrel,0.31970673427
385,bashirli,0.512472874428,ruslan,0.512472874428,street,0.256862622765
386,hostel,0.459144781449,at,0.404919015368,sited,0.265413672549
387,commander,0.548271065574,dmytro,0.30532554543,zaharia,0.30532554543
388,otakar,0.374891143872,minor,0.374891143872,company,0.374891143872
389,transporting,0.529266571136,when,0.480561237399,man,0.44731701255
390,rairoad,0.362312149663,tracks,0.340661878839,laying,0.325300767229
391,sell,0.480718691798,while,0.400896255386,trying,0.362036392309
392,hexogen,0.328822254949,31dec14,0.328822254949,30,0.328822254949
393,rail,0.384433839975,tracks,0.361461668721,detonator,0.322190482577
394,severe,0.346914298304,marshala,0.346914298304,priviatbank,0.326184139192
395,circuit,0.322551039398,board,0.322551039398,doroga,0.322551039398
396,ieds,0.484560979652,some,0.480565232936,weapons,0.432775801645
397,thrown,0.531489986287,grenade,0.467486309767,homemade,0.461734087682
398,car,0.382124525438,old,0.339828146183,tyre,0.339828146183
399,karachuny,0.459767031747,schools,0.412800311315,suspected,0.397680404483
400,archive,0.336412072755,official,0.336412072755,mayors,0.336412072755
401,balashovsky,0.572800653838,kharkiv,0.455773697511,near,0.32423964004
402,walking,0.485928093162,600,0.420308693957,under,0.341632487995
403,equipment,0.453984776717,derailed,0.41763512344,transporting,0.355337964532
404,bridge,0.46048317306,putilovsky,0.442913194575,volnovakha,0.416446539723
405,trial,0.358731686643,case,0.358731686643,svodoba,0.337295369434
406,police,0.426592073275,man,0.372024489529,called,0.29906089093
407,nearest,0.345893246846,arkhitektora,0.325224101532,cars,0.325224101532
408,some,0.554558736366,fuses,0.461441483024,point,0.324417139343
409,street,0.396444746576,nechypurenka,0.395478284544,troitskaya,0.371846143106
410,jar,0.368004196064,allocated,0.368004196064,present,0.346013792163
411,nikolayeva,0.585358674739,arkhitektora,0.585358674739,detonation,0.318482122524
412,diamantbank,0.52020759281,troitskaya,0.489122145415,close,0.356136966715
413,controlled,0.532543293756,over,0.374186745144,road,0.346100708141
414,pass,0.521537383813,at,0.423116235046,vehicle,0.41532491505
415,weaponry,0.470182177771,sbu,0.419098996834,several,0.356655303598
416,two,0.363065823755,substance,0.277801118722,new,0.277801118722
417,street,0.411500485366,gimnazicheskaya,0.410497320111,arnautskaya,0.385967703423
418,coordination,0.50242695981,euro,0.50242695981,maydan,0.50242695981
419,port,0.637770000094,river,0.431248399102,call,0.24686813163
420,peresyp,0.507921702415,station,0.431675171428,tank,0.395333236249
421,drunk,0.395086534829,he,0.363452746006,store,0.352162158069
422,azure,0.447248129649,flat,0.401560256403,door,0.386852046409
423,simferopol,0.558320492833,suspected,0.482925273213,airport,0.482925273213
424,throwing,0.371381889802,manuals,0.371381889802,flat,0.333444003465
425,antiterrorism,0.372271148104,bin,0.372271148104,garbage,0.334242421094
426,duties,0.338571852531,revenue,0.338571852531,yard,0.338571852531
427,troeshchina,0.576233532463,gas,0.410980948628,district,0.405121865008
428,sedegskaya,0.43645208173,he,0.377513889458,carrying,0.355871124028
429,money,0.333766897594,currency,0.333766897594,himself,0.333766897594
430,some,0.41284594357,too,0.343524016427,munition,0.322996446494
431,balta,0.48582677123,electrical,0.436197962361,odessa,0.386569153491
432,roadside,0.512555869688,vehicle,0.457923882261,affected,0.424152163616
433,azhur,0.489227480027,rymarskaya,0.459993275635,store,0.410017073133
434,malinovsky,0.562508208603,court,0.458653851935,district,0.395472255107
435,24,0.44103736274,three,0.411684286115,detainees,0.400524764305
436,sapernoye,0.518754153457,pole,0.465761703768,hostel,0.448701945396
437,zastava,0.456424531178,pass,0.429150494909,freight,0.429150494909
438,1260,0.448186357331,kalchik,0.448186357331,across,0.402402641029
439,point,0.552288886559,check,0.537798413741,detonated,0.386145301361
440,zhukovskogo,0.336750865192,public,0.316628030674,caused,0.30235065237
441,inside,0.466937116051,garage,0.394781488436,quantities,0.371190984643
442,car,0.355702284679,transported,0.297427916056,emplaced,0.28401630854
443,tamper,0.324114780603,fragmentation,0.324114780603,included,0.324114780603
444,apostolovo,0.50827893148,council,0.414436778372,thrown,0.395611280133
445,bag,0.547085698553,contained,0.351446164775,seen,0.351446164775
446,canadian,0.588709455996,embassy,0.553530621473,call,0.22787776699
447,severin,0.338010199271,dalias,0.338010199271,admiralsky,0.317812112173
448,insurgent,0.490723465717,army,0.490723465717,memorial,0.461399867427
449,damaged,0.414291104146,beam,0.344726516714,network,0.344726516714
450,heating,0.519437128426,zmievskaya,0.519437128426,power,0.376145807845
451,central,0.480956570504,railway,0.358399628015,station,0.312762577307
452,shop,0.706840516805,souvenir,0.375881369505,patriot,0.375881369505
453,proskura,0.448278921614,gate,0.448278921614,base,0.402485749565
454,prosecutorês,0.416266447367,pirogovskaya,0.416266447367,south,0.39139209157
455,supermarkets,0.443066691398,kyivgorstroy,0.443066691398,centre,0.352545240355
456,klovskaya,0.407697581833,embassy,0.383335265888,school,0.366049927641
457,yuzny,0.486497849091,atb,0.486497849091,supermarket,0.436800487402
458,state,0.431225172273,regional,0.417913410491,administration,0.406382237934
459,outer,0.399101015264,fence,0.399101015264,victory,0.375252394469
460,council,0.550914871581,city,0.489273340068,call,0.261534663984
461,railway,0.563417506255,osnova,0.500395776157,station,0.491674370122
462,council,0.550914871581,city,0.489273340068,call,0.261534663984
463,trinkler,0.391394960647,transformer,0.391394960647,beside,0.35141267304
464,service,0.472415744391,ukrainian,0.441960104261,central,0.378607807852
465,energy,0.43405928634,corporation,0.43405928634,uzd,0.43405928634
466,plaza,0.464517969637,mall,0.464517969637,ave,0.464517969637
467,metro,0.505297835729,darnitsa,0.424211140174,teatralnaya,0.424211140174
468,polish,0.501512866389,bussines,0.47154453828,ukrainian,0.382557714722
469,krasnoarmeyskaya,0.642959517848,railway,0.313088201171,station,0.273220910594
470,vorota,0.536998087208,zolotye,0.536998087208,metro,0.287150979253
471,entertainment,0.446333696434,ticketing,0.446333696434,darnitsa,0.40073923556
472,frankovsk,0.419883962675,ivano,0.419883962675,rovno,0.419883962675
473,imeny,0.473100004005,malysheva,0.473100004005,zavod,0.473100004005
474,elections,0.425501775098,mcdonalds,0.400075554434,commission,0.382035363776
475,his,0.360398641029,call,0.350645548825,reporting,0.338681965625
476,train,0.46608847824,central,0.455800207421,station,0.296403576441
477,station,0.42629386481,eskhar,0.334393265855,cargo,0.314411311692
478,pub,0.682350661171,stina,0.341175330585,package,0.295103245988
479,kreshchatik,0.461021141357,maidan,0.433472430735,nezalezhnosty,0.433472430735
480,fiscal,0.474532640091,department,0.426057564011,service,0.38692097274
481,buildings,0.461570508427,teatralnaya,0.461570508427,regional,0.366656193416
482,opening,0.371149583663,trunk,0.333235428164,driver,0.321029796316
483,regional,0.463193163446,administration,0.450412620489,building,0.400331547813
484,house,0.457945467592,suspect,0.425157231417,search,0.397446600516
485,terrorism,0.493127564835,11,0.463660307556,of,0.325885427986
486,supermarket,0.54963849867,administration,0.424567286277,building,0.37735993872
487,wagon,0.557850924311,train,0.372763507412,man,0.346976504859
488,detention,0.668148925218,seized,0.546567695284,in,0.412241880566
489,train,0.46608847824,central,0.455800207421,station,0.296403576441
490,poltava,0.587238514527,basis,0.552147577363,railroad,0.355804587542
491,people,0.461979227871,member,0.461979227871,party,0.400624947445
492,transport,0.58506898641,vehicle,0.465918138605,military,0.415797305213
493,platoon,0.447192378267,daisy,0.447192378267,chain,0.447192378267
494,2014,0.368504933165,malyshev,0.368504933165,false,0.368504933165
495,universitet,0.497846561659,vokzalnaya,0.45211561109,stations,0.389834685859
496,sentyanivka,0.433581809125,luhansk,0.417700724788,kiev,0.393754059357
497,peresip,0.580571685881,odessa,0.461957056388,damaged,0.348864495647
498,office,0.415773375023,lawyer,0.377077479041,brusnichka,0.377077479041
499,syretz,0.5168806771,universitet,0.464079609206,stations,0.363393749403
500,state,0.431225172273,regional,0.417913410491,administration,0.406382237934
501,state,0.431225172273,regional,0.417913410491,administration,0.406382237934
502,post,0.459919305342,universitet,0.459919305342,central,0.334734775594
503,15,0.519283546238,control,0.506750440384,road,0.389167521598
504,ukrinform,0.408225572857,news,0.408225572857,khreshchatyk,0.408225572857
505,airport,0.556676395712,lviv,0.524762294034,call,0.249119305579
506,enlistement,0.539085679717,police,0.384486378456,military,0.360224318021
507,election,0.425225766308,commission,0.406051503318,channel,0.391178789487
508,behind,0.365940371949,there,0.349439403554,explosives,0.342988382659
509,stryiskyi,0.402696314433,facility,0.378632853478,guard,0.348316478019
510,state,0.462445030044,regional,0.448169522786,administration,0.435803515923
511,calls,0.480696311376,central,0.433779412558,metro,0.354964658645
512,precursors,0.4895913205,group,0.416560709373,detention,0.340124773668
513,blow,0.412983744022,detainees,0.389307501775,trying,0.322849412785
514,bridge,0.606240720056,pavlopolsky,0.583109285444,road,0.356318330294
515,tolstoy,0.395078009914,lev,0.395078009914,channel,0.3806072294
516,election,0.379029402225,lev,0.361938223808,commission,0.361938223808
517,tsvk,0.602385851684,calls,0.436212393023,building,0.371326206499
518,darnitsya,0.481603886904,nivki,0.481603886904,calls,0.348749200215
519,delay,0.439239289459,time,0.439239289459,attached,0.419433129251
520,damaging,0.337982058578,steel,0.337982058578,supports,0.337982058578
521,jewelry,0.787758077988,inside,0.46586972269,detonation,0.402992074419
522,posts,0.431297520749,ustiluk,0.431297520749,custom,0.431297520749
523,vokzalnaya,0.485470697842,calls,0.431151675316,stations,0.418594961874
524,steel,0.437952550698,damaging,0.437952550698,supports,0.437952550698
525,levoberezhnaya,0.636567823504,metro,0.340394273712,station,0.270504807168
526,vokzalnaya,0.558338737185,metro,0.366166949596,station,0.290985858874
527,university,0.574723370501,odessa,0.509333710831,call,0.247775072153
528,intourist,0.432908555587,yalta,0.432908555587,conference,0.407039736451
529,damaged,0.559587747293,detonation,0.476399081035,railway,0.453471865031
530,teatralna,0.613104691564,metro,0.348683633364,station,0.277092202455
531,police,0.659524184872,detonation,0.473054526724,station,0.392950519905
532,railroad,0.6300278036,attack,0.605651747096,against,0.402497926278
533,church,0.392835328254,lutheran,0.392835328254,detainee,0.369361118919
534,prepared,0.414787027887,apartment,0.39000107606,they,0.347629211544
535,august,0.372089377505,repair,0.349854860111,guy,0.303391530375
536,office,0.521889018379,kolomoisky,0.473316973167,privatbank,0.445033514652
537,vokzalna,0.462964545533,poshtova,0.462964545533,ploshcha,0.435299705141
538,fuze,0.326761401495,base,0.326761401495,safety,0.326761401495
539,loading,0.481254909963,29,0.45249711328,civilian,0.382931353674
540,arsenalnaya,0.595406268616,metro,0.354608201458,station,0.281800343201
541,112,0.499159355378,ukraine,0.469331663322,channel,0.431753215522
542,russian,0.577409040705,bank,0.551372535683,office,0.338562633527
543,guards,0.418186625445,missiles,0.393197527773,rcied,0.350478383142
544,director,0.381363606925,aimed,0.381363606925,people,0.35857490006
545,petrovka,0.636567823504,metro,0.340394273712,station,0.270504807168
546,homemade,0.595149260742,grenades,0.588135943448,seized,0.432647397593
547,attacker,0.361206406247,part,0.361206406247,dead,0.339622210062
548,bridge,0.429931733528,village,0.413527461342,districts,0.388816775986
549,calls,0.45488158576,stations,0.441633770549,two,0.41048425458
550,militia,0.540950464349,dnr,0.497637642361,patrol,0.48217862706
551,sabotage,0.505465319774,repair,0.47526080945,plant,0.402195416876
552,stopped,0.335206304755,loaded,0.335206304755,attempt,0.31517576676
553,bus,0.630895302959,inside,0.431352728437,blown,0.336964729662
554,bridge,0.333789162331,partial,0.321053260688,slightly,0.321053260688
555,hotels,0.421941044402,hostel,0.388157068696,restaurant,0.388157068696
556,children,0.456435909883,killing,0.456435909883,injuring,0.456435909883
557,pechersky,0.390651551231,alarms,0.390651551231,podolsky,0.390651551231
558,bridge,0.409487860432,nikitovsky,0.393863635013,kalinin,0.393863635013
559,schools,0.684529289238,discovered,0.487986902257,ieds,0.461941369262
560,points,0.535351219787,bridges,0.515742560724,railways,0.499721119702
561,gas,0.653029494148,parallel,0.457804058159,tanks,0.457804058159
562,bridge,0.518362033243,perevalska,0.498583656303,city,0.361044950227
563,cardiology,0.480391584643,tyumen,0.480391584643,hospital,0.415519831783
564,incident,0.358049243333,suicide,0.336653706104,officials,0.321473330856
565,demolition,0.352095242445,borova,0.352095242445,rubizhne,0.352095242445
566,saltov,0.406647727596,market,0.382348146585,emergency,0.365107319482
567,novobahmutovka,0.478687366039,track,0.478687366039,gorlovka,0.450082995128
568,bratislava,0.387117819222,khreschatyk,0.387117819222,express,0.387117819222
569,krasnoslabodskaya,0.568714737598,pryvatbank,0.51061864927,attacks,0.411829753208
570,yadov,0.501515833613,sergey,0.471547328195,pryvatbank,0.450284335216
571,advancing,0.342357238134,defending,0.342357238134,missidentified,0.342357238134
572,buildings,0.451220629353,eod,0.434693476419,laid,0.376296290839
573,via,0.352052592225,chuguev,0.352052592225,starobelsk,0.352052592225
574,road,0.440138421637,bridge,0.374426195584,plotva,0.360139766491
575,road,0.457109824608,dzerzhinsk,0.37402648213,horlivka,0.37402648213
576,explosion,0.552840765263,damaged,0.543641714384,bridge,0.47030219205
577,railroad,0.571482456365,bridge,0.490310328375,blown,0.435741985129
578,tax,0.516650987102,public,0.485778067708,administration,0.358318174197
579,mines,0.328341648643,charges,0.328341648643,material,0.328341648643
580,clinic,0.433357426902,shtabnoy,0.433357426902,psychoneurological,0.433357426902
581,bridges,0.549932613153,zujevske,0.317894573583,demolitions,0.317894573583
582,tepla,0.470425873853,horodnia,0.470425873853,river,0.318093364324
583,least,0.302668488175,meter,0.302668488175,contact,0.302668488175
584,mid,0.287871761881,09,0.287871761881,support,0.287871761881
585,partially,0.472796464432,20,0.445691175695,over,0.361120359116
586,artemovsk,0.316183852322,488,0.316183852322,gorlovka,0.29729001716
587,dolzhansky,0.307034486082,675,0.307034486082,kazenyi,0.307034486082
588,motorway,0.80649819409,amvrosiivka,0.379152604094,from,0.287605089084
589,landmines,0.558047051834,homemade,0.48480564641,grenades,0.479092632804
590,vbied,0.301649139272,lack,0.301649139272,means,0.301649139272
591,bila,0.546450117869,river,0.369499566435,over,0.3610144978
592,administrative,0.466232811196,facilities,0.418605590043,channel,0.403273049472
593,crater,0.350985972787,depth,0.350985972787,floors,0.350985972787
594,commissariat,0.511702096412,suvorovsky,0.511702096412,close,0.350314057304
595,siversky,0.583056249957,donets,0.504320730518,over,0.385198488177
596,conecting,0.342506635145,lisichansk,0.322039859695,seversky,0.307518451416
597,economic,0.572964683252,court,0.467179776183,building,0.353190237944
598,their,0.392079051515,family,0.36865003414,driving,0.36865003414
599,staff,0.597578484386,militia,0.561869673524,building,0.36836282106
600,rostov,0.38700225735,koznyi,0.38700225735,toretz,0.38700225735
601,fountatin,0.491547867286,steree,0.491547867286,zabolotny,0.491547867286
602,different,0.479017116576,four,0.479017116576,points,0.457417296203
603,tower,0.622800945272,supporting,0.311400472636,karachun,0.311400472636
604,later,0.350406865708,guys,0.30387022552,guy,0.30387022552
605,explosion,0.452666687928,railroad,0.448835645347,damaged,0.44513449393
606,adler,0.501636060596,kiev,0.409020362624,affected,0.347904720656
607,horodna,0.548206165112,explosions,0.446992355734,damaged,0.32941611166
608,kulbakino,0.406420015883,preparing,0.382134041979,wearing,0.364902869272
609,bridge,0.459566777107,20kg,0.442031764194,zheleznodorozhny,0.442031764194
610,dnieper,0.535861774495,river,0.362339922474,over,0.35401926559
611,strecht,0.67996618218,kondarshevskaya,0.33998309109,ogorodny,0.33998309109
612,ammonite,0.534095282563,96,0.308739631078,stolen,0.290290631692
613,most,0.313319971316,firing,0.313319971316,according,0.313319971316
614,railroad,0.576393319695,martsevo,0.475654851977,ilovajick,0.475654851977
615,kuteinikovo,0.339562866458,vans,0.339562866458,mospino,0.339562866458
616,22,0.38560744516,connection,0.38560744516,schemes,0.36256514413
617,yenakiyevo,0.372752510204,shakhtersk,0.372752510204,58,0.372752510204
618,2nd,0.389580975294,detainee,0.366301232589,airfield,0.349783992281
619,voied,0.398650173305,exchange,0.398650173305,potential,0.398650173305
620,pipeline,0.531325320347,uzghorod,0.333875663029,pomary,0.333875663029
621,estimated,0.321085507703,destruction,0.321085507703,meters,0.321085507703
622,pedestrian,0.478620011698,luhansk,0.461089283677,destroyed,0.406633868633
623,hq,0.31980230041,presidential,0.31980230041,activating,0.31980230041
624,followed,0.355611349516,shooting,0.334361490708,beside,0.319284475943
625,773,0.571125747736,highway,0.494001315203,km,0.427636651261
626,ammonite,0.512768459788,720,0.296411427459,360,0.296411427459
627,car,0.388102992854,parliament,0.345144872443,limpet,0.345144872443
628,uxo,0.363953192394,shell,0.363953192394,raisins,0.363953192394
629,affected,0.558508035294,explosion,0.492091722832,railway,0.392139801308
630,donetsk,0.43723353417,krasnohorlivka,0.43723353417,kurakhovo,0.43723353417
631,grammonite,0.385255137282,possesion,0.345900052906,ammonite,0.333230545568
632,57,0.577429644236,km,0.432356762724,affected,0.400470609784
633,destroyed,0.567047038131,explosion,0.454247356574,railroad,0.45040293636
634,registry,0.404489489457,criminal,0.404489489457,group,0.331547693533
635,scene,0.364306061914,hp,0.364306061914,remnants,0.364306061914
636,pipe,0.535060792991,pryvatbank,0.510933853436,bomb,0.47692884203
637,small,0.390854277275,arsenalna,0.390854277275,borne,0.390854277275
638,detention,0.491532765683,during,0.422926637106,home,0.384558305885
639,clashes,0.429958577038,officials,0.386036888681,thrown,0.334651807366
640,perimetral,0.356113871811,00l,0.356113871811,defenses,0.356113871811
641,incendiary,0.422759249495,activist,0.422759249495,devices,0.365670127975
642,surveillance,0.357726284647,consecutive,0.357726284647,helicopter,0.357726284647
643,yet,0.289038850686,totally,0.289038850686,passing,0.289038850686
644,palace,0.493969244291,kharkov,0.475876309894,hotel,0.475876309894
645,occupied,0.582008009918,building,0.358764778208,ieds,0.352635453555
646,lake,0.303430064108,donuzlav,0.303430064108,trawler,0.303430064108
647,deputys,0.501108339995,thrown,0.390030157837,homemade,0.338840286259
648,crimean,0.340301333996,confiscated,0.340301333996,transported,0.319966338193
649,building,0.507934930412,external,0.412000028951,to,0.392246113277
650,victim,0.356028951661,union,0.356028951661,given,0.334754138681
